CategoryID,Country,Title
1,DZ,Film & Animation
1,AR,Film & Animation
1,AU,Film & Animation
1,AT,Film & Animation
1,AZ,Film & Animation
1,BH,Film & Animation
1,BY,Film & Animation
1,BE,Film & Animation
1,BA,Film & Animation
1,BR,Film & Animation
1,BG,Film & Animation
1,CA,Film & Animation
1,CL,Film & Animation
1,CO,Film & Animation
1,HR,Film & Animation
1,CZ,Film & Animation
1,DK,Film & Animation
1,EG,Film & Animation
1,EE,Film & Animation
1,FI,Film & Animation
1,FR,Film & Animation
1,GE,Film & Animation
1,DE,Film & Animation
1,GH,Film & Animation
1,GR,Film & Animation
1,HK,Film & Animation
1,HU,Film & Animation
1,IS,Film & Animation
1,IN,Film & Animation
1,ID,Film & Animation
1,IQ,Film & Animation
1,IE,Film & Animation
1,IL,Film & Animation
1,IT,Film & Animation
1,JM,Film & Animation
1,JP,Film & Animation
1,JO,Film & Animation
1,KZ,Film & Animation
1,KE,Film & Animation
1,KW,Film & Animation
1,LV,Film & Animation
1,LB,Film & Animation
1,LY,Film & Animation
1,LT,Film & Animation
1,LU,Film & Animation
1,MK,Film & Animation
1,MY,Film & Animation
1,MX,Film & Animation
1,ME,Film & Animation
1,MA,Film & Animation
1,NP,Film & Animation
1,NL,Film & Animation
1,NZ,Film & Animation
1,NG,Film & Animation
1,NO,Film & Animation
1,OM,Film & Animation
1,PK,Film & Animation
1,PE,Film & Animation
1,PH,Film & Animation
1,PL,Film & Animation
1,PT,Film & Animation
1,PR,Film & Animation
1,QA,Film & Animation
1,RO,Film & Animation
1,RU,Film & Animation
1,SA,Film & Animation
1,SN,Film & Animation
1,RS,Film & Animation
1,SG,Film & Animation
1,SK,Film & Animation
1,SI,Film & Animation
1,ZA,Film & Animation
1,KR,Film & Animation
1,ES,Film & Animation
1,LK,Film & Animation
1,SE,Film & Animation
1,CH,Film & Animation
1,TW,Film & Animation
1,TZ,Film & Animation
1,TH,Film & Animation
1,TN,Film & Animation
1,TR,Film & Animation
1,UG,Film & Animation
1,UA,Film & Animation
1,AE,Film & Animation
1,GB,Film & Animation
1,US,Film & Animation
1,VN,Film & Animation
1,YE,Film & Animation
1,ZW,Film & Animation
2,DZ,Autos & Vehicles
2,AR,Autos & Vehicles
2,AU,Autos & Vehicles
2,AT,Autos & Vehicles
2,AZ,Autos & Vehicles
2,BH,Autos & Vehicles
2,BY,Autos & Vehicles
2,BE,Autos & Vehicles
2,BA,Autos & Vehicles
2,BR,Autos & Vehicles
2,BG,Autos & Vehicles
2,CA,Autos & Vehicles
2,CL,Autos & Vehicles
2,CO,Autos & Vehicles
2,HR,Autos & Vehicles
2,CZ,Autos & Vehicles
2,DK,Autos & Vehicles
2,EG,Autos & Vehicles
2,EE,Autos & Vehicles
2,FI,Autos & Vehicles
2,FR,Autos & Vehicles
2,GE,Autos & Vehicles
2,DE,Autos & Vehicles
2,GH,Autos & Vehicles
2,GR,Autos & Vehicles
2,HK,Autos & Vehicles
2,HU,Autos & Vehicles
2,IS,Autos & Vehicles
2,IN,Autos & Vehicles
2,ID,Autos & Vehicles
2,IQ,Autos & Vehicles
2,IE,Autos & Vehicles
2,IL,Autos & Vehicles
2,IT,Autos & Vehicles
2,JM,Autos & Vehicles
2,JP,Autos & Vehicles
2,JO,Autos & Vehicles
2,KZ,Autos & Vehicles
2,KE,Autos & Vehicles
2,KW,Autos & Vehicles
2,LV,Autos & Vehicles
2,LB,Autos & Vehicles
2,LY,Autos & Vehicles
2,LT,Autos & Vehicles
2,LU,Autos & Vehicles
2,MK,Autos & Vehicles
2,MY,Autos & Vehicles
2,MX,Autos & Vehicles
2,ME,Autos & Vehicles
2,MA,Autos & Vehicles
2,NP,Autos & Vehicles
2,NL,Autos & Vehicles
2,NZ,Autos & Vehicles
2,NG,Autos & Vehicles
2,NO,Autos & Vehicles
2,OM,Autos & Vehicles
2,PK,Autos & Vehicles
2,PE,Autos & Vehicles
2,PH,Autos & Vehicles
2,PL,Autos & Vehicles
2,PT,Autos & Vehicles
2,PR,Autos & Vehicles
2,QA,Autos & Vehicles
2,RO,Autos & Vehicles
2,RU,Autos & Vehicles
2,SA,Autos & Vehicles
2,SN,Autos & Vehicles
2,RS,Autos & Vehicles
2,SG,Autos & Vehicles
2,SK,Autos & Vehicles
2,SI,Autos & Vehicles
2,ZA,Autos & Vehicles
2,KR,Autos & Vehicles
2,ES,Autos & Vehicles
2,LK,Autos & Vehicles
2,SE,Autos & Vehicles
2,CH,Autos & Vehicles
2,TW,Autos & Vehicles
2,TZ,Autos & Vehicles
2,TH,Autos & Vehicles
2,TN,Autos & Vehicles
2,TR,Autos & Vehicles
2,UG,Autos & Vehicles
2,UA,Autos & Vehicles
2,AE,Autos & Vehicles
2,GB,Autos & Vehicles
2,US,Autos & Vehicles
2,VN,Autos & Vehicles
2,YE,Autos & Vehicles
2,ZW,Autos & Vehicles
10,DZ,Music
10,AR,Music
10,AU,Music
10,AT,Music
10,AZ,Music
10,BH,Music
10,BY,Music
10,BE,Music
10,BA,Music
10,BR,Music
10,BG,Music
10,CA,Music
10,CL,Music
10,CO,Music
10,HR,Music
10,CZ,Music
10,DK,Music
10,EG,Music
10,EE,Music
10,FI,Music
10,FR,Music
10,GE,Music
10,DE,Music
10,GH,Music
10,GR,Music
10,HK,Music
10,HU,Music
10,IS,Music
10,IN,Music
10,ID,Music
10,IQ,Music
10,IE,Music
10,IL,Music
10,IT,Music
10,JM,Music
10,JP,Music
10,JO,Music
10,KZ,Music
10,KE,Music
10,KW,Music
10,LV,Music
10,LB,Music
10,LY,Music
10,LT,Music
10,LU,Music
10,MK,Music
10,MY,Music
10,MX,Music
10,ME,Music
10,MA,Music
10,NP,Music
10,NL,Music
10,NZ,Music
10,NG,Music
10,NO,Music
10,OM,Music
10,PK,Music
10,PE,Music
10,PH,Music
10,PL,Music
10,PT,Music
10,PR,Music
10,QA,Music
10,RO,Music
10,RU,Music
10,SA,Music
10,SN,Music
10,RS,Music
10,SG,Music
10,SK,Music
10,SI,Music
10,ZA,Music
10,KR,Music
10,ES,Music
10,LK,Music
10,SE,Music
10,CH,Music
10,TW,Music
10,TZ,Music
10,TH,Music
10,TN,Music
10,TR,Music
10,UG,Music
10,UA,Music
10,AE,Music
10,GB,Music
10,US,Music
10,VN,Music
10,YE,Music
10,ZW,Music
15,DZ,Pets & Animals
15,AR,Pets & Animals
15,AU,Pets & Animals
15,AT,Pets & Animals
15,AZ,Pets & Animals
15,BH,Pets & Animals
15,BY,Pets & Animals
15,BE,Pets & Animals
15,BA,Pets & Animals
15,BR,Pets & Animals
15,BG,Pets & Animals
15,CA,Pets & Animals
15,CL,Pets & Animals
15,CO,Pets & Animals
15,HR,Pets & Animals
15,CZ,Pets & Animals
15,DK,Pets & Animals
15,EG,Pets & Animals
15,EE,Pets & Animals
15,FI,Pets & Animals
15,FR,Pets & Animals
15,GE,Pets & Animals
15,DE,Pets & Animals
15,GH,Pets & Animals
15,GR,Pets & Animals
15,HK,Pets & Animals
15,HU,Pets & Animals
15,IS,Pets & Animals
15,IN,Pets & Animals
15,ID,Pets & Animals
15,IQ,Pets & Animals
15,IE,Pets & Animals
15,IL,Pets & Animals
15,IT,Pets & Animals
15,JM,Pets & Animals
15,JP,Pets & Animals
15,JO,Pets & Animals
15,KZ,Pets & Animals
15,KE,Pets & Animals
15,KW,Pets & Animals
15,LV,Pets & Animals
15,LB,Pets & Animals
15,LY,Pets & Animals
15,LT,Pets & Animals
15,LU,Pets & Animals
15,MK,Pets & Animals
15,MY,Pets & Animals
15,MX,Pets & Animals
15,ME,Pets & Animals
15,MA,Pets & Animals
15,NP,Pets & Animals
15,NL,Pets & Animals
15,NZ,Pets & Animals
15,NG,Pets & Animals
15,NO,Pets & Animals
15,OM,Pets & Animals
15,PK,Pets & Animals
15,PE,Pets & Animals
15,PH,Pets & Animals
15,PL,Pets & Animals
15,PT,Pets & Animals
15,PR,Pets & Animals
15,QA,Pets & Animals
15,RO,Pets & Animals
15,RU,Pets & Animals
15,SA,Pets & Animals
15,SN,Pets & Animals
15,RS,Pets & Animals
15,SG,Pets & Animals
15,SK,Pets & Animals
15,SI,Pets & Animals
15,ZA,Pets & Animals
15,KR,Pets & Animals
15,ES,Pets & Animals
15,LK,Pets & Animals
15,SE,Pets & Animals
15,CH,Pets & Animals
15,TW,Pets & Animals
15,TZ,Pets & Animals
15,TH,Pets & Animals
15,TN,Pets & Animals
15,TR,Pets & Animals
15,UG,Pets & Animals
15,UA,Pets & Animals
15,AE,Pets & Animals
15,GB,Pets & Animals
15,US,Pets & Animals
15,VN,Pets & Animals
15,YE,Pets & Animals
15,ZW,Pets & Animals
17,DZ,Sports
17,AR,Sports
17,AU,Sports
17,AT,Sports
17,AZ,Sports
17,BH,Sports
17,BY,Sports
17,BE,Sports
17,BA,Sports
17,BR,Sports
17,BG,Sports
17,CA,Sports
17,CL,Sports
17,CO,Sports
17,HR,Sports
17,CZ,Sports
17,DK,Sports
17,EG,Sports
17,EE,Sports
17,FI,Sports
17,FR,Sports
17,GE,Sports
17,DE,Sports
17,GH,Sports
17,GR,Sports
17,HK,Sports
17,HU,Sports
17,IS,Sports
17,IN,Sports
17,ID,Sports
17,IQ,Sports
17,IE,Sports
17,IL,Sports
17,IT,Sports
17,JM,Sports
17,JP,Sports
17,JO,Sports
17,KZ,Sports
17,KE,Sports
17,KW,Sports
17,LV,Sports
17,LB,Sports
17,LY,Sports
17,LT,Sports
17,LU,Sports
17,MK,Sports
17,MY,Sports
17,MX,Sports
17,ME,Sports
17,MA,Sports
17,NP,Sports
17,NL,Sports
17,NZ,Sports
17,NG,Sports
17,NO,Sports
17,OM,Sports
17,PK,Sports
17,PE,Sports
17,PH,Sports
17,PL,Sports
17,PT,Sports
17,PR,Sports
17,QA,Sports
17,RO,Sports
17,RU,Sports
17,SA,Sports
17,SN,Sports
17,RS,Sports
17,SG,Sports
17,SK,Sports
17,SI,Sports
17,ZA,Sports
17,KR,Sports
17,ES,Sports
17,LK,Sports
17,SE,Sports
17,CH,Sports
17,TW,Sports
17,TZ,Sports
17,TH,Sports
17,TN,Sports
17,TR,Sports
17,UG,Sports
17,UA,Sports
17,AE,Sports
17,GB,Sports
17,US,Sports
17,VN,Sports
17,YE,Sports
17,ZW,Sports
18,DZ,Short Movies
18,AR,Short Movies
18,AU,Short Movies
18,AT,Short Movies
18,AZ,Short Movies
18,BH,Short Movies
18,BY,Short Movies
18,BE,Short Movies
18,BA,Short Movies
18,BR,Short Movies
18,BG,Short Movies
18,CA,Short Movies
18,CL,Short Movies
18,CO,Short Movies
18,HR,Short Movies
18,CZ,Short Movies
18,DK,Short Movies
18,EG,Short Movies
18,EE,Short Movies
18,FI,Short Movies
18,FR,Short Movies
18,GE,Short Movies
18,DE,Short Movies
18,GH,Short Movies
18,GR,Short Movies
18,HK,Short Movies
18,HU,Short Movies
18,IS,Short Movies
18,IN,Short Movies
18,ID,Short Movies
18,IQ,Short Movies
18,IE,Short Movies
18,IL,Short Movies
18,IT,Short Movies
18,JM,Short Movies
18,JP,Short Movies
18,JO,Short Movies
18,KZ,Short Movies
18,KE,Short Movies
18,KW,Short Movies
18,LV,Short Movies
18,LB,Short Movies
18,LY,Short Movies
18,LT,Short Movies
18,LU,Short Movies
18,MK,Short Movies
18,MY,Short Movies
18,MX,Short Movies
18,ME,Short Movies
18,MA,Short Movies
18,NP,Short Movies
18,NL,Short Movies
18,NZ,Short Movies
18,NG,Short Movies
18,NO,Short Movies
18,OM,Short Movies
18,PK,Short Movies
18,PE,Short Movies
18,PH,Short Movies
18,PL,Short Movies
18,PT,Short Movies
18,PR,Short Movies
18,QA,Short Movies
18,RO,Short Movies
18,RU,Short Movies
18,SA,Short Movies
18,SN,Short Movies
18,RS,Short Movies
18,SG,Short Movies
18,SK,Short Movies
18,SI,Short Movies
18,ZA,Short Movies
18,KR,Short Movies
18,ES,Short Movies
18,LK,Short Movies
18,SE,Short Movies
18,CH,Short Movies
18,TW,Short Movies
18,TZ,Short Movies
18,TH,Short Movies
18,TN,Short Movies
18,TR,Short Movies
18,UG,Short Movies
18,UA,Short Movies
18,AE,Short Movies
18,GB,Short Movies
18,US,Short Movies
18,VN,Short Movies
18,YE,Short Movies
18,ZW,Short Movies
19,DZ,Travel & Events
19,AR,Travel & Events
19,AU,Travel & Events
19,AT,Travel & Events
19,AZ,Travel & Events
19,BH,Travel & Events
19,BY,Travel & Events
19,BE,Travel & Events
19,BA,Travel & Events
19,BR,Travel & Events
19,BG,Travel & Events
19,CA,Travel & Events
19,CL,Travel & Events
19,CO,Travel & Events
19,HR,Travel & Events
19,CZ,Travel & Events
19,DK,Travel & Events
19,EG,Travel & Events
19,EE,Travel & Events
19,FI,Travel & Events
19,FR,Travel & Events
19,GE,Travel & Events
19,DE,Travel & Events
19,GH,Travel & Events
19,GR,Travel & Events
19,HK,Travel & Events
19,HU,Travel & Events
19,IS,Travel & Events
19,IN,Travel & Events
19,ID,Travel & Events
19,IQ,Travel & Events
19,IE,Travel & Events
19,IL,Travel & Events
19,IT,Travel & Events
19,JM,Travel & Events
19,JP,Travel & Events
19,JO,Travel & Events
19,KZ,Travel & Events
19,KE,Travel & Events
19,KW,Travel & Events
19,LV,Travel & Events
19,LB,Travel & Events
19,LY,Travel & Events
19,LT,Travel & Events
19,LU,Travel & Events
19,MK,Travel & Events
19,MY,Travel & Events
19,MX,Travel & Events
19,ME,Travel & Events
19,MA,Travel & Events
19,NP,Travel & Events
19,NL,Travel & Events
19,NZ,Travel & Events
19,NG,Travel & Events
19,NO,Travel & Events
19,OM,Travel & Events
19,PK,Travel & Events
19,PE,Travel & Events
19,PH,Travel & Events
19,PL,Travel & Events
19,PT,Travel & Events
19,PR,Travel & Events
19,QA,Travel & Events
19,RO,Travel & Events
19,RU,Travel & Events
19,SA,Travel & Events
19,SN,Travel & Events
19,RS,Travel & Events
19,SG,Travel & Events
19,SK,Travel & Events
19,SI,Travel & Events
19,ZA,Travel & Events
19,KR,Travel & Events
19,ES,Travel & Events
19,LK,Travel & Events
19,SE,Travel & Events
19,CH,Travel & Events
19,TW,Travel & Events
19,TZ,Travel & Events
19,TH,Travel & Events
19,TN,Travel & Events
19,TR,Travel & Events
19,UG,Travel & Events
19,UA,Travel & Events
19,AE,Travel & Events
19,GB,Travel & Events
19,US,Travel & Events
19,VN,Travel & Events
19,YE,Travel & Events
19,ZW,Travel & Events
20,DZ,Gaming
20,AR,Gaming
20,AU,Gaming
20,AT,Gaming
20,AZ,Gaming
20,BH,Gaming
20,BY,Gaming
20,BE,Gaming
20,BA,Gaming
20,BR,Gaming
20,BG,Gaming
20,CA,Gaming
20,CL,Gaming
20,CO,Gaming
20,HR,Gaming
20,CZ,Gaming
20,DK,Gaming
20,EG,Gaming
20,EE,Gaming
20,FI,Gaming
20,FR,Gaming
20,GE,Gaming
20,DE,Gaming
20,GH,Gaming
20,GR,Gaming
20,HK,Gaming
20,HU,Gaming
20,IS,Gaming
20,IN,Gaming
20,ID,Gaming
20,IQ,Gaming
20,IE,Gaming
20,IL,Gaming
20,IT,Gaming
20,JM,Gaming
20,JP,Gaming
20,JO,Gaming
20,KZ,Gaming
20,KE,Gaming
20,KW,Gaming
20,LV,Gaming
20,LB,Gaming
20,LY,Gaming
20,LT,Gaming
20,LU,Gaming
20,MK,Gaming
20,MY,Gaming
20,MX,Gaming
20,ME,Gaming
20,MA,Gaming
20,NP,Gaming
20,NL,Gaming
20,NZ,Gaming
20,NG,Gaming
20,NO,Gaming
20,OM,Gaming
20,PK,Gaming
20,PE,Gaming
20,PH,Gaming
20,PL,Gaming
20,PT,Gaming
20,PR,Gaming
20,QA,Gaming
20,RO,Gaming
20,RU,Gaming
20,SA,Gaming
20,SN,Gaming
20,RS,Gaming
20,SG,Gaming
20,SK,Gaming
20,SI,Gaming
20,ZA,Gaming
20,KR,Gaming
20,ES,Gaming
20,LK,Gaming
20,SE,Gaming
20,CH,Gaming
20,TW,Gaming
20,TZ,Gaming
20,TH,Gaming
20,TN,Gaming
20,TR,Gaming
20,UG,Gaming
20,UA,Gaming
20,AE,Gaming
20,GB,Gaming
20,US,Gaming
20,VN,Gaming
20,YE,Gaming
20,ZW,Gaming
21,DZ,Videoblogging
21,AR,Videoblogging
21,AU,Videoblogging
21,AT,Videoblogging
21,AZ,Videoblogging
21,BH,Videoblogging
21,BY,Videoblogging
21,BE,Videoblogging
21,BA,Videoblogging
21,BR,Videoblogging
21,BG,Videoblogging
21,CA,Videoblogging
21,CL,Videoblogging
21,CO,Videoblogging
21,HR,Videoblogging
21,CZ,Videoblogging
21,DK,Videoblogging
21,EG,Videoblogging
21,EE,Videoblogging
21,FI,Videoblogging
21,FR,Videoblogging
21,GE,Videoblogging
21,DE,Videoblogging
21,GH,Videoblogging
21,GR,Videoblogging
21,HK,Videoblogging
21,HU,Videoblogging
21,IS,Videoblogging
21,IN,Videoblogging
21,ID,Videoblogging
21,IQ,Videoblogging
21,IE,Videoblogging
21,IL,Videoblogging
21,IT,Videoblogging
21,JM,Videoblogging
21,JP,Videoblogging
21,JO,Videoblogging
21,KZ,Videoblogging
21,KE,Videoblogging
21,KW,Videoblogging
21,LV,Videoblogging
21,LB,Videoblogging
21,LY,Videoblogging
21,LT,Videoblogging
21,LU,Videoblogging
21,MK,Videoblogging
21,MY,Videoblogging
21,MX,Videoblogging
21,ME,Videoblogging
21,MA,Videoblogging
21,NP,Videoblogging
21,NL,Videoblogging
21,NZ,Videoblogging
21,NG,Videoblogging
21,NO,Videoblogging
21,OM,Videoblogging
21,PK,Videoblogging
21,PE,Videoblogging
21,PH,Videoblogging
21,PL,Videoblogging
21,PT,Videoblogging
21,PR,Videoblogging
21,QA,Videoblogging
21,RO,Videoblogging
21,RU,Videoblogging
21,SA,Videoblogging
21,SN,Videoblogging
21,RS,Videoblogging
21,SG,Videoblogging
21,SK,Videoblogging
21,SI,Videoblogging
21,ZA,Videoblogging
21,KR,Videoblogging
21,ES,Videoblogging
21,LK,Videoblogging
21,SE,Videoblogging
21,CH,Videoblogging
21,TW,Videoblogging
21,TZ,Videoblogging
21,TH,Videoblogging
21,TN,Videoblogging
21,TR,Videoblogging
21,UG,Videoblogging
21,UA,Videoblogging
21,AE,Videoblogging
21,GB,Videoblogging
21,US,Videoblogging
21,VN,Videoblogging
21,YE,Videoblogging
21,ZW,Videoblogging
22,DZ,People & Blogs
22,AR,People & Blogs
22,AU,People & Blogs
22,AT,People & Blogs
22,AZ,People & Blogs
22,BH,People & Blogs
22,BY,People & Blogs
22,BE,People & Blogs
22,BA,People & Blogs
22,BR,People & Blogs
22,BG,People & Blogs
22,CA,People & Blogs
22,CL,People & Blogs
22,CO,People & Blogs
22,HR,People & Blogs
22,CZ,People & Blogs
22,DK,People & Blogs
22,EG,People & Blogs
22,EE,People & Blogs
22,FI,People & Blogs
22,FR,People & Blogs
22,GE,People & Blogs
22,DE,People & Blogs
22,GH,People & Blogs
22,GR,People & Blogs
22,HK,People & Blogs
22,HU,People & Blogs
22,IS,People & Blogs
22,IN,People & Blogs
22,ID,People & Blogs
22,IQ,People & Blogs
22,IE,People & Blogs
22,IL,People & Blogs
22,IT,People & Blogs
22,JM,People & Blogs
22,JP,People & Blogs
22,JO,People & Blogs
22,KZ,People & Blogs
22,KE,People & Blogs
22,KW,People & Blogs
22,LV,People & Blogs
22,LB,People & Blogs
22,LY,People & Blogs
22,LT,People & Blogs
22,LU,People & Blogs
22,MK,People & Blogs
22,MY,People & Blogs
22,MX,People & Blogs
22,ME,People & Blogs
22,MA,People & Blogs
22,NP,People & Blogs
22,NL,People & Blogs
22,NZ,People & Blogs
22,NG,People & Blogs
22,NO,People & Blogs
22,OM,People & Blogs
22,PK,People & Blogs
22,PE,People & Blogs
22,PH,People & Blogs
22,PL,People & Blogs
22,PT,People & Blogs
22,PR,People & Blogs
22,QA,People & Blogs
22,RO,People & Blogs
22,RU,People & Blogs
22,SA,People & Blogs
22,SN,People & Blogs
22,RS,People & Blogs
22,SG,People & Blogs
22,SK,People & Blogs
22,SI,People & Blogs
22,ZA,People & Blogs
22,KR,People & Blogs
22,ES,People & Blogs
22,LK,People & Blogs
22,SE,People & Blogs
22,CH,People & Blogs
22,TW,People & Blogs
22,TZ,People & Blogs
22,TH,People & Blogs
22,TN,People & Blogs
22,TR,People & Blogs
22,UG,People & Blogs
22,UA,People & Blogs
22,AE,People & Blogs
22,GB,People & Blogs
22,US,People & Blogs
22,VN,People & Blogs
22,YE,People & Blogs
22,ZW,People & Blogs
23,DZ,Comedy
23,AR,Comedy
23,AU,Comedy
23,AT,Comedy
23,AZ,Comedy
23,BH,Comedy
23,BY,Comedy
23,BE,Comedy
23,BA,Comedy
23,BR,Comedy
23,BG,Comedy
23,CA,Comedy
23,CL,Comedy
23,CO,Comedy
23,HR,Comedy
23,CZ,Comedy
23,DK,Comedy
23,EG,Comedy
23,EE,Comedy
23,FI,Comedy
23,FR,Comedy
23,GE,Comedy
23,DE,Comedy
23,GH,Comedy
23,GR,Comedy
23,HK,Comedy
23,HU,Comedy
23,IS,Comedy
23,IN,Comedy
23,ID,Comedy
23,IQ,Comedy
23,IE,Comedy
23,IL,Comedy
23,IT,Comedy
23,JM,Comedy
23,JP,Comedy
23,JO,Comedy
23,KZ,Comedy
23,KE,Comedy
23,KW,Comedy
23,LV,Comedy
23,LB,Comedy
23,LY,Comedy
23,LT,Comedy
23,LU,Comedy
23,MK,Comedy
23,MY,Comedy
23,MX,Comedy
23,ME,Comedy
23,MA,Comedy
23,NP,Comedy
23,NL,Comedy
23,NZ,Comedy
23,NG,Comedy
23,NO,Comedy
23,OM,Comedy
23,PK,Comedy
23,PE,Comedy
23,PH,Comedy
23,PL,Comedy
23,PT,Comedy
23,PR,Comedy
23,QA,Comedy
23,RO,Comedy
23,RU,Comedy
23,SA,Comedy
23,SN,Comedy
23,RS,Comedy
23,SG,Comedy
23,SK,Comedy
23,SI,Comedy
23,ZA,Comedy
23,KR,Comedy
23,ES,Comedy
23,LK,Comedy
23,SE,Comedy
23,CH,Comedy
23,TW,Comedy
23,TZ,Comedy
23,TH,Comedy
23,TN,Comedy
23,TR,Comedy
23,UG,Comedy
23,UA,Comedy
23,AE,Comedy
23,GB,Comedy
23,US,Comedy
23,VN,Comedy
23,YE,Comedy
23,ZW,Comedy
24,DZ,Entertainment
24,AR,Entertainment
24,AU,Entertainment
24,AT,Entertainment
24,AZ,Entertainment
24,BH,Entertainment
24,BY,Entertainment
24,BE,Entertainment
24,BA,Entertainment
24,BR,Entertainment
24,BG,Entertainment
24,CA,Entertainment
24,CL,Entertainment
24,CO,Entertainment
24,HR,Entertainment
24,CZ,Entertainment
24,DK,Entertainment
24,EG,Entertainment
24,EE,Entertainment
24,FI,Entertainment
24,FR,Entertainment
24,GE,Entertainment
24,DE,Entertainment
24,GH,Entertainment
24,GR,Entertainment
24,HK,Entertainment
24,HU,Entertainment
24,IS,Entertainment
24,IN,Entertainment
24,ID,Entertainment
24,IQ,Entertainment
24,IE,Entertainment
24,IL,Entertainment
24,IT,Entertainment
24,JM,Entertainment
24,JP,Entertainment
24,JO,Entertainment
24,KZ,Entertainment
24,KE,Entertainment
24,KW,Entertainment
24,LV,Entertainment
24,LB,Entertainment
24,LY,Entertainment
24,LT,Entertainment
24,LU,Entertainment
24,MK,Entertainment
24,MY,Entertainment
24,MX,Entertainment
24,ME,Entertainment
24,MA,Entertainment
24,NP,Entertainment
24,NL,Entertainment
24,NZ,Entertainment
24,NG,Entertainment
24,NO,Entertainment
24,OM,Entertainment
24,PK,Entertainment
24,PE,Entertainment
24,PH,Entertainment
24,PL,Entertainment
24,PT,Entertainment
24,PR,Entertainment
24,QA,Entertainment
24,RO,Entertainment
24,RU,Entertainment
24,SA,Entertainment
24,SN,Entertainment
24,RS,Entertainment
24,SG,Entertainment
24,SK,Entertainment
24,SI,Entertainment
24,ZA,Entertainment
24,KR,Entertainment
24,ES,Entertainment
24,LK,Entertainment
24,SE,Entertainment
24,CH,Entertainment
24,TW,Entertainment
24,TZ,Entertainment
24,TH,Entertainment
24,TN,Entertainment
24,TR,Entertainment
24,UG,Entertainment
24,UA,Entertainment
24,AE,Entertainment
24,GB,Entertainment
24,US,Entertainment
24,VN,Entertainment
24,YE,Entertainment
24,ZW,Entertainment
25,DZ,News & Politics
25,AR,News & Politics
25,AU,News & Politics
25,AT,News & Politics
25,AZ,News & Politics
25,BH,News & Politics
25,BY,News & Politics
25,BE,News & Politics
25,BA,News & Politics
25,BR,News & Politics
25,BG,News & Politics
25,CA,News & Politics
25,CL,News & Politics
25,CO,News & Politics
25,HR,News & Politics
25,CZ,News & Politics
25,DK,News & Politics
25,EG,News & Politics
25,EE,News & Politics
25,FI,News & Politics
25,FR,News & Politics
25,GE,News & Politics
25,DE,News & Politics
25,GH,News & Politics
25,GR,News & Politics
25,HK,News & Politics
25,HU,News & Politics
25,IS,News & Politics
25,IN,News & Politics
25,ID,News & Politics
25,IQ,News & Politics
25,IE,News & Politics
25,IL,News & Politics
25,IT,News & Politics
25,JM,News & Politics
25,JP,News & Politics
25,JO,News & Politics
25,KZ,News & Politics
25,KE,News & Politics
25,KW,News & Politics
25,LV,News & Politics
25,LB,News & Politics
25,LY,News & Politics
25,LT,News & Politics
25,LU,News & Politics
25,MK,News & Politics
25,MY,News & Politics
25,MX,News & Politics
25,ME,News & Politics
25,MA,News & Politics
25,NP,News & Politics
25,NL,News & Politics
25,NZ,News & Politics
25,NG,News & Politics
25,NO,News & Politics
25,OM,News & Politics
25,PK,News & Politics
25,PE,News & Politics
25,PH,News & Politics
25,PL,News & Politics
25,PT,News & Politics
25,PR,News & Politics
25,QA,News & Politics
25,RO,News & Politics
25,RU,News & Politics
25,SA,News & Politics
25,SN,News & Politics
25,RS,News & Politics
25,SG,News & Politics
25,SK,News & Politics
25,SI,News & Politics
25,ZA,News & Politics
25,KR,News & Politics
25,ES,News & Politics
25,LK,News & Politics
25,SE,News & Politics
25,CH,News & Politics
25,TW,News & Politics
25,TZ,News & Politics
25,TH,News & Politics
25,TN,News & Politics
25,TR,News & Politics
25,UG,News & Politics
25,UA,News & Politics
25,AE,News & Politics
25,GB,News & Politics
25,US,News & Politics
25,VN,News & Politics
25,YE,News & Politics
25,ZW,News & Politics
26,DZ,Howto & Style
26,AR,Howto & Style
26,AU,Howto & Style
26,AT,Howto & Style
26,AZ,Howto & Style
26,BH,Howto & Style
26,BY,Howto & Style
26,BE,Howto & Style
26,BA,Howto & Style
26,BR,Howto & Style
26,BG,Howto & Style
26,CA,Howto & Style
26,CL,Howto & Style
26,CO,Howto & Style
26,HR,Howto & Style
26,CZ,Howto & Style
26,DK,Howto & Style
26,EG,Howto & Style
26,EE,Howto & Style
26,FI,Howto & Style
26,FR,Howto & Style
26,GE,Howto & Style
26,DE,Howto & Style
26,GH,Howto & Style
26,GR,Howto & Style
26,HK,Howto & Style
26,HU,Howto & Style
26,IS,Howto & Style
26,IN,Howto & Style
26,ID,Howto & Style
26,IQ,Howto & Style
26,IE,Howto & Style
26,IL,Howto & Style
26,IT,Howto & Style
26,JM,Howto & Style
26,JP,Howto & Style
26,JO,Howto & Style
26,KZ,Howto & Style
26,KE,Howto & Style
26,KW,Howto & Style
26,LV,Howto & Style
26,LB,Howto & Style
26,LY,Howto & Style
26,LT,Howto & Style
26,LU,Howto & Style
26,MK,Howto & Style
26,MY,Howto & Style
26,MX,Howto & Style
26,ME,Howto & Style
26,MA,Howto & Style
26,NP,Howto & Style
26,NL,Howto & Style
26,NZ,Howto & Style
26,NG,Howto & Style
26,NO,Howto & Style
26,OM,Howto & Style
26,PK,Howto & Style
26,PE,Howto & Style
26,PH,Howto & Style
26,PL,Howto & Style
26,PT,Howto & Style
26,PR,Howto & Style
26,QA,Howto & Style
26,RO,Howto & Style
26,RU,Howto & Style
26,SA,Howto & Style
26,SN,Howto & Style
26,RS,Howto & Style
26,SG,Howto & Style
26,SK,Howto & Style
26,SI,Howto & Style
26,ZA,Howto & Style
26,KR,Howto & Style
26,ES,Howto & Style
26,LK,Howto & Style
26,SE,Howto & Style
26,CH,Howto & Style
26,TW,Howto & Style
26,TZ,Howto & Style
26,TH,Howto & Style
26,TN,Howto & Style
26,TR,Howto & Style
26,UG,Howto & Style
26,UA,Howto & Style
26,AE,Howto & Style
26,GB,Howto & Style
26,US,Howto & Style
26,VN,Howto & Style
26,YE,Howto & Style
26,ZW,Howto & Style
27,DZ,Education
27,AR,Education
27,AU,Education
27,AT,Education
27,AZ,Education
27,BH,Education
27,BY,Education
27,BE,Education
27,BA,Education
27,BR,Education
27,BG,Education
27,CA,Education
27,CL,Education
27,CO,Education
27,HR,Education
27,CZ,Education
27,DK,Education
27,EG,Education
27,EE,Education
27,FI,Education
27,FR,Education
27,GE,Education
27,DE,Education
27,GH,Education
27,GR,Education
27,HK,Education
27,HU,Education
27,IS,Education
27,IN,Education
27,ID,Education
27,IQ,Education
27,IE,Education
27,IL,Education
27,IT,Education
27,JM,Education
27,JP,Education
27,JO,Education
27,KZ,Education
27,KE,Education
27,KW,Education
27,LV,Education
27,LB,Education
27,LY,Education
27,LT,Education
27,LU,Education
27,MK,Education
27,MY,Education
27,MX,Education
27,ME,Education
27,MA,Education
27,NP,Education
27,NL,Education
27,NZ,Education
27,NG,Education
27,NO,Education
27,OM,Education
27,PK,Education
27,PE,Education
27,PH,Education
27,PL,Education
27,PT,Education
27,PR,Education
27,QA,Education
27,RO,Education
27,RU,Education
27,SA,Education
27,SN,Education
27,RS,Education
27,SG,Education
27,SK,Education
27,SI,Education
27,ZA,Education
27,KR,Education
27,ES,Education
27,LK,Education
27,SE,Education
27,CH,Education
27,TW,Education
27,TZ,Education
27,TH,Education
27,TN,Education
27,TR,Education
27,UG,Education
27,UA,Education
27,AE,Education
27,GB,Education
27,US,Education
27,VN,Education
27,YE,Education
27,ZW,Education
28,DZ,Science & Technology
28,AR,Science & Technology
28,AU,Science & Technology
28,AT,Science & Technology
28,AZ,Science & Technology
28,BH,Science & Technology
28,BY,Science & Technology
28,BE,Science & Technology
28,BA,Science & Technology
28,BR,Science & Technology
28,BG,Science & Technology
28,CA,Science & Technology
28,CL,Science & Technology
28,CO,Science & Technology
28,HR,Science & Technology
28,CZ,Science & Technology
28,DK,Science & Technology
28,EG,Science & Technology
28,EE,Science & Technology
28,FI,Science & Technology
28,FR,Science & Technology
28,GE,Science & Technology
28,DE,Science & Technology
28,GH,Science & Technology
28,GR,Science & Technology
28,HK,Science & Technology
28,HU,Science & Technology
28,IS,Science & Technology
28,IN,Science & Technology
28,ID,Science & Technology
28,IQ,Science & Technology
28,IE,Science & Technology
28,IL,Science & Technology
28,IT,Science & Technology
28,JM,Science & Technology
28,JP,Science & Technology
28,JO,Science & Technology
28,KZ,Science & Technology
28,KE,Science & Technology
28,KW,Science & Technology
28,LV,Science & Technology
28,LB,Science & Technology
28,LY,Science & Technology
28,LT,Science & Technology
28,LU,Science & Technology
28,MK,Science & Technology
28,MY,Science & Technology
28,MX,Science & Technology
28,ME,Science & Technology
28,MA,Science & Technology
28,NP,Science & Technology
28,NL,Science & Technology
28,NZ,Science & Technology
28,NG,Science & Technology
28,NO,Science & Technology
28,OM,Science & Technology
28,PK,Science & Technology
28,PE,Science & Technology
28,PH,Science & Technology
28,PL,Science & Technology
28,PT,Science & Technology
28,PR,Science & Technology
28,QA,Science & Technology
28,RO,Science & Technology
28,RU,Science & Technology
28,SA,Science & Technology
28,SN,Science & Technology
28,RS,Science & Technology
28,SG,Science & Technology
28,SK,Science & Technology
28,SI,Science & Technology
28,ZA,Science & Technology
28,KR,Science & Technology
28,ES,Science & Technology
28,LK,Science & Technology
28,SE,Science & Technology
28,CH,Science & Technology
28,TW,Science & Technology
28,TZ,Science & Technology
28,TH,Science & Technology
28,TN,Science & Technology
28,TR,Science & Technology
28,UG,Science & Technology
28,UA,Science & Technology
28,AE,Science & Technology
28,GB,Science & Technology
28,US,Science & Technology
28,VN,Science & Technology
28,YE,Science & Technology
28,ZW,Science & Technology
29,US,Nonprofits & Activism
30,DZ,Movies
30,AR,Movies
30,AU,Movies
30,AT,Movies
30,AZ,Movies
30,BH,Movies
30,BY,Movies
30,BE,Movies
30,BA,Movies
30,BR,Movies
30,BG,Movies
30,CA,Movies
30,CL,Movies
30,CO,Movies
30,HR,Movies
30,CZ,Movies
30,DK,Movies
30,EG,Movies
30,EE,Movies
30,FI,Movies
30,FR,Movies
30,GE,Movies
30,DE,Movies
30,GH,Movies
30,GR,Movies
30,HK,Movies
30,HU,Movies
30,IS,Movies
30,IN,Movies
30,ID,Movies
30,IQ,Movies
30,IE,Movies
30,IL,Movies
30,IT,Movies
30,JM,Movies
30,JP,Movies
30,JO,Movies
30,KZ,Movies
30,KE,Movies
30,KW,Movies
30,LV,Movies
30,LB,Movies
30,LY,Movies
30,LT,Movies
30,LU,Movies
30,MK,Movies
30,MY,Movies
30,MX,Movies
30,ME,Movies
30,MA,Movies
30,NP,Movies
30,NL,Movies
30,NZ,Movies
30,NG,Movies
30,NO,Movies
30,OM,Movies
30,PK,Movies
30,PE,Movies
30,PH,Movies
30,PL,Movies
30,PT,Movies
30,PR,Movies
30,QA,Movies
30,RO,Movies
30,RU,Movies
30,SA,Movies
30,SN,Movies
30,RS,Movies
30,SG,Movies
30,SK,Movies
30,SI,Movies
30,ZA,Movies
30,KR,Movies
30,ES,Movies
30,LK,Movies
30,SE,Movies
30,CH,Movies
30,TW,Movies
30,TZ,Movies
30,TH,Movies
30,TN,Movies
30,TR,Movies
30,UG,Movies
30,UA,Movies
30,AE,Movies
30,GB,Movies
30,US,Movies
30,VN,Movies
30,YE,Movies
30,ZW,Movies
31,DZ,Anime/Animation
31,AR,Anime/Animation
31,AU,Anime/Animation
31,AT,Anime/Animation
31,AZ,Anime/Animation
31,BH,Anime/Animation
31,BY,Anime/Animation
31,BE,Anime/Animation
31,BA,Anime/Animation
31,BR,Anime/Animation
31,BG,Anime/Animation
31,CA,Anime/Animation
31,CL,Anime/Animation
31,CO,Anime/Animation
31,HR,Anime/Animation
31,CZ,Anime/Animation
31,DK,Anime/Animation
31,EG,Anime/Animation
31,EE,Anime/Animation
31,FI,Anime/Animation
31,FR,Anime/Animation
31,GE,Anime/Animation
31,DE,Anime/Animation
31,GH,Anime/Animation
31,GR,Anime/Animation
31,HK,Anime/Animation
31,HU,Anime/Animation
31,IS,Anime/Animation
31,IN,Anime/Animation
31,ID,Anime/Animation
31,IQ,Anime/Animation
31,IE,Anime/Animation
31,IL,Anime/Animation
31,IT,Anime/Animation
31,JM,Anime/Animation
31,JP,Anime/Animation
31,JO,Anime/Animation
31,KZ,Anime/Animation
31,KE,Anime/Animation
31,KW,Anime/Animation
31,LV,Anime/Animation
31,LB,Anime/Animation
31,LY,Anime/Animation
31,LT,Anime/Animation
31,LU,Anime/Animation
31,MK,Anime/Animation
31,MY,Anime/Animation
31,MX,Anime/Animation
31,ME,Anime/Animation
31,MA,Anime/Animation
31,NP,Anime/Animation
31,NL,Anime/Animation
31,NZ,Anime/Animation
31,NG,Anime/Animation
31,NO,Anime/Animation
31,OM,Anime/Animation
31,PK,Anime/Animation
31,PE,Anime/Animation
31,PH,Anime/Animation
31,PL,Anime/Animation
31,PT,Anime/Animation
31,PR,Anime/Animation
31,QA,Anime/Animation
31,RO,Anime/Animation
31,RU,Anime/Animation
31,SA,Anime/Animation
31,SN,Anime/Animation
31,RS,Anime/Animation
31,SG,Anime/Animation
31,SK,Anime/Animation
31,SI,Anime/Animation
31,ZA,Anime/Animation
31,KR,Anime/Animation
31,ES,Anime/Animation
31,LK,Anime/Animation
31,SE,Anime/Animation
31,CH,Anime/Animation
31,TW,Anime/Animation
31,TZ,Anime/Animation
31,TH,Anime/Animation
31,TN,Anime/Animation
31,TR,Anime/Animation
31,UG,Anime/Animation
31,UA,Anime/Animation
31,AE,Anime/Animation
31,GB,Anime/Animation
31,US,Anime/Animation
31,VN,Anime/Animation
31,YE,Anime/Animation
31,ZW,Anime/Animation
32,DZ,Action/Adventure
32,AR,Action/Adventure
32,AU,Action/Adventure
32,AT,Action/Adventure
32,AZ,Action/Adventure
32,BH,Action/Adventure
32,BY,Action/Adventure
32,BE,Action/Adventure
32,BA,Action/Adventure
32,BR,Action/Adventure
32,BG,Action/Adventure
32,CA,Action/Adventure
32,CL,Action/Adventure
32,CO,Action/Adventure
32,HR,Action/Adventure
32,CZ,Action/Adventure
32,DK,Action/Adventure
32,EG,Action/Adventure
32,EE,Action/Adventure
32,FI,Action/Adventure
32,FR,Action/Adventure
32,GE,Action/Adventure
32,DE,Action/Adventure
32,GH,Action/Adventure
32,GR,Action/Adventure
32,HK,Action/Adventure
32,HU,Action/Adventure
32,IS,Action/Adventure
32,IN,Action/Adventure
32,ID,Action/Adventure
32,IQ,Action/Adventure
32,IE,Action/Adventure
32,IL,Action/Adventure
32,IT,Action/Adventure
32,JM,Action/Adventure
32,JP,Action/Adventure
32,JO,Action/Adventure
32,KZ,Action/Adventure
32,KE,Action/Adventure
32,KW,Action/Adventure
32,LV,Action/Adventure
32,LB,Action/Adventure
32,LY,Action/Adventure
32,LT,Action/Adventure
32,LU,Action/Adventure
32,MK,Action/Adventure
32,MY,Action/Adventure
32,MX,Action/Adventure
32,ME,Action/Adventure
32,MA,Action/Adventure
32,NP,Action/Adventure
32,NL,Action/Adventure
32,NZ,Action/Adventure
32,NG,Action/Adventure
32,NO,Action/Adventure
32,OM,Action/Adventure
32,PK,Action/Adventure
32,PE,Action/Adventure
32,PH,Action/Adventure
32,PL,Action/Adventure
32,PT,Action/Adventure
32,PR,Action/Adventure
32,QA,Action/Adventure
32,RO,Action/Adventure
32,RU,Action/Adventure
32,SA,Action/Adventure
32,SN,Action/Adventure
32,RS,Action/Adventure
32,SG,Action/Adventure
32,SK,Action/Adventure
32,SI,Action/Adventure
32,ZA,Action/Adventure
32,KR,Action/Adventure
32,ES,Action/Adventure
32,LK,Action/Adventure
32,SE,Action/Adventure
32,CH,Action/Adventure
32,TW,Action/Adventure
32,TZ,Action/Adventure
32,TH,Action/Adventure
32,TN,Action/Adventure
32,TR,Action/Adventure
32,UG,Action/Adventure
32,UA,Action/Adventure
32,AE,Action/Adventure
32,GB,Action/Adventure
32,US,Action/Adventure
32,VN,Action/Adventure
32,YE,Action/Adventure
32,ZW,Action/Adventure
33,DZ,Classics
33,AR,Classics
33,AU,Classics
33,AT,Classics
33,AZ,Classics
33,BH,Classics
33,BY,Classics
33,BE,Classics
33,BA,Classics
33,BR,Classics
33,BG,Classics
33,CA,Classics
33,CL,Classics
33,CO,Classics
33,HR,Classics
33,CZ,Classics
33,DK,Classics
33,EG,Classics
33,EE,Classics
33,FI,Classics
33,FR,Classics
33,GE,Classics
33,DE,Classics
33,GH,Classics
33,GR,Classics
33,HK,Classics
33,HU,Classics
33,IS,Classics
33,IN,Classics
33,ID,Classics
33,IQ,Classics
33,IE,Classics
33,IL,Classics
33,IT,Classics
33,JM,Classics
33,JP,Classics
33,JO,Classics
33,KZ,Classics
33,KE,Classics
33,KW,Classics
33,LV,Classics
33,LB,Classics
33,LY,Classics
33,LT,Classics
33,LU,Classics
33,MK,Classics
33,MY,Classics
33,MX,Classics
33,ME,Classics
33,MA,Classics
33,NP,Classics
33,NL,Classics
33,NZ,Classics
33,NG,Classics
33,NO,Classics
33,OM,Classics
33,PK,Classics
33,PE,Classics
33,PH,Classics
33,PL,Classics
33,PT,Classics
33,PR,Classics
33,QA,Classics
33,RO,Classics
33,RU,Classics
33,SA,Classics
33,SN,Classics
33,RS,Classics
33,SG,Classics
33,SK,Classics
33,SI,Classics
33,ZA,Classics
33,KR,Classics
33,ES,Classics
33,LK,Classics
33,SE,Classics
33,CH,Classics
33,TW,Classics
33,TZ,Classics
33,TH,Classics
33,TN,Classics
33,TR,Classics
33,UG,Classics
33,UA,Classics
33,AE,Classics
33,GB,Classics
33,US,Classics
33,VN,Classics
33,YE,Classics
33,ZW,Classics
34,DZ,Comedy
34,AR,Comedy
34,AU,Comedy
34,AT,Comedy
34,AZ,Comedy
34,BH,Comedy
34,BY,Comedy
34,BE,Comedy
34,BA,Comedy
34,BR,Comedy
34,BG,Comedy
34,CA,Comedy
34,CL,Comedy
34,CO,Comedy
34,HR,Comedy
34,CZ,Comedy
34,DK,Comedy
34,EG,Comedy
34,EE,Comedy
34,FI,Comedy
34,FR,Comedy
34,GE,Comedy
34,DE,Comedy
34,GH,Comedy
34,GR,Comedy
34,HK,Comedy
34,HU,Comedy
34,IS,Comedy
34,IN,Comedy
34,ID,Comedy
34,IQ,Comedy
34,IE,Comedy
34,IL,Comedy
34,IT,Comedy
34,JM,Comedy
34,JP,Comedy
34,JO,Comedy
34,KZ,Comedy
34,KE,Comedy
34,KW,Comedy
34,LV,Comedy
34,LB,Comedy
34,LY,Comedy
34,LT,Comedy
34,LU,Comedy
34,MK,Comedy
34,MY,Comedy
34,MX,Comedy
34,ME,Comedy
34,MA,Comedy
34,NP,Comedy
34,NL,Comedy
34,NZ,Comedy
34,NG,Comedy
34,NO,Comedy
34,OM,Comedy
34,PK,Comedy
34,PE,Comedy
34,PH,Comedy
34,PL,Comedy
34,PT,Comedy
34,PR,Comedy
34,QA,Comedy
34,RO,Comedy
34,RU,Comedy
34,SA,Comedy
34,SN,Comedy
34,RS,Comedy
34,SG,Comedy
34,SK,Comedy
34,SI,Comedy
34,ZA,Comedy
34,KR,Comedy
34,ES,Comedy
34,LK,Comedy
34,SE,Comedy
34,CH,Comedy
34,TW,Comedy
34,TZ,Comedy
34,TH,Comedy
34,TN,Comedy
34,TR,Comedy
34,UG,Comedy
34,UA,Comedy
34,AE,Comedy
34,GB,Comedy
34,US,Comedy
34,VN,Comedy
34,YE,Comedy
34,ZW,Comedy
35,DZ,Documentary
35,AR,Documentary
35,AU,Documentary
35,AT,Documentary
35,AZ,Documentary
35,BH,Documentary
35,BY,Documentary
35,BE,Documentary
35,BA,Documentary
35,BR,Documentary
35,BG,Documentary
35,CA,Documentary
35,CL,Documentary
35,CO,Documentary
35,HR,Documentary
35,CZ,Documentary
35,DK,Documentary
35,EG,Documentary
35,EE,Documentary
35,FI,Documentary
35,FR,Documentary
35,GE,Documentary
35,DE,Documentary
35,GH,Documentary
35,GR,Documentary
35,HK,Documentary
35,HU,Documentary
35,IS,Documentary
35,IN,Documentary
35,ID,Documentary
35,IQ,Documentary
35,IE,Documentary
35,IL,Documentary
35,IT,Documentary
35,JM,Documentary
35,JP,Documentary
35,JO,Documentary
35,KZ,Documentary
35,KE,Documentary
35,KW,Documentary
35,LV,Documentary
35,LB,Documentary
35,LY,Documentary
35,LT,Documentary
35,LU,Documentary
35,MK,Documentary
35,MY,Documentary
35,MX,Documentary
35,ME,Documentary
35,MA,Documentary
35,NP,Documentary
35,NL,Documentary
35,NZ,Documentary
35,NG,Documentary
35,NO,Documentary
35,OM,Documentary
35,PK,Documentary
35,PE,Documentary
35,PH,Documentary
35,PL,Documentary
35,PT,Documentary
35,PR,Documentary
35,QA,Documentary
35,RO,Documentary
35,RU,Documentary
35,SA,Documentary
35,SN,Documentary
35,RS,Documentary
35,SG,Documentary
35,SK,Documentary
35,SI,Documentary
35,ZA,Documentary
35,KR,Documentary
35,ES,Documentary
35,LK,Documentary
35,SE,Documentary
35,CH,Documentary
35,TW,Documentary
35,TZ,Documentary
35,TH,Documentary
35,TN,Documentary
35,TR,Documentary
35,UG,Documentary
35,UA,Documentary
35,AE,Documentary
35,GB,Documentary
35,US,Documentary
35,VN,Documentary
35,YE,Documentary
35,ZW,Documentary
36,DZ,Drama
36,AR,Drama
36,AU,Drama
36,AT,Drama
36,AZ,Drama
36,BH,Drama
36,BY,Drama
36,BE,Drama
36,BA,Drama
36,BR,Drama
36,BG,Drama
36,CA,Drama
36,CL,Drama
36,CO,Drama
36,HR,Drama
36,CZ,Drama
36,DK,Drama
36,EG,Drama
36,EE,Drama
36,FI,Drama
36,FR,Drama
36,GE,Drama
36,DE,Drama
36,GH,Drama
36,GR,Drama
36,HK,Drama
36,HU,Drama
36,IS,Drama
36,IN,Drama
36,ID,Drama
36,IQ,Drama
36,IE,Drama
36,IL,Drama
36,IT,Drama
36,JM,Drama
36,JP,Drama
36,JO,Drama
36,KZ,Drama
36,KE,Drama
36,KW,Drama
36,LV,Drama
36,LB,Drama
36,LY,Drama
36,LT,Drama
36,LU,Drama
36,MK,Drama
36,MY,Drama
36,MX,Drama
36,ME,Drama
36,MA,Drama
36,NP,Drama
36,NL,Drama
36,NZ,Drama
36,NG,Drama
36,NO,Drama
36,OM,Drama
36,PK,Drama
36,PE,Drama
36,PH,Drama
36,PL,Drama
36,PT,Drama
36,PR,Drama
36,QA,Drama
36,RO,Drama
36,RU,Drama
36,SA,Drama
36,SN,Drama
36,RS,Drama
36,SG,Drama
36,SK,Drama
36,SI,Drama
36,ZA,Drama
36,KR,Drama
36,ES,Drama
36,LK,Drama
36,SE,Drama
36,CH,Drama
36,TW,Drama
36,TZ,Drama
36,TH,Drama
36,TN,Drama
36,TR,Drama
36,UG,Drama
36,UA,Drama
36,AE,Drama
36,GB,Drama
36,US,Drama
36,VN,Drama
36,YE,Drama
36,ZW,Drama
37,DZ,Family
37,AR,Family
37,AU,Family
37,AT,Family
37,AZ,Family
37,BH,Family
37,BY,Family
37,BE,Family
37,BA,Family
37,BR,Family
37,BG,Family
37,CA,Family
37,CL,Family
37,CO,Family
37,HR,Family
37,CZ,Family
37,DK,Family
37,EG,Family
37,EE,Family
37,FI,Family
37,FR,Family
37,GE,Family
37,DE,Family
37,GH,Family
37,GR,Family
37,HK,Family
37,HU,Family
37,IS,Family
37,IN,Family
37,ID,Family
37,IQ,Family
37,IE,Family
37,IL,Family
37,IT,Family
37,JM,Family
37,JP,Family
37,JO,Family
37,KZ,Family
37,KE,Family
37,KW,Family
37,LV,Family
37,LB,Family
37,LY,Family
37,LT,Family
37,LU,Family
37,MK,Family
37,MY,Family
37,MX,Family
37,ME,Family
37,MA,Family
37,NP,Family
37,NL,Family
37,NZ,Family
37,NG,Family
37,NO,Family
37,OM,Family
37,PK,Family
37,PE,Family
37,PH,Family
37,PL,Family
37,PT,Family
37,PR,Family
37,QA,Family
37,RO,Family
37,RU,Family
37,SA,Family
37,SN,Family
37,RS,Family
37,SG,Family
37,SK,Family
37,SI,Family
37,ZA,Family
37,KR,Family
37,ES,Family
37,LK,Family
37,SE,Family
37,CH,Family
37,TW,Family
37,TZ,Family
37,TH,Family
37,TN,Family
37,TR,Family
37,UG,Family
37,UA,Family
37,AE,Family
37,GB,Family
37,US,Family
37,VN,Family
37,YE,Family
37,ZW,Family
38,DZ,Foreign
38,AR,Foreign
38,AU,Foreign
38,AT,Foreign
38,AZ,Foreign
38,BH,Foreign
38,BY,Foreign
38,BE,Foreign
38,BA,Foreign
38,BR,Foreign
38,BG,Foreign
38,CA,Foreign
38,CL,Foreign
38,CO,Foreign
38,HR,Foreign
38,CZ,Foreign
38,DK,Foreign
38,EG,Foreign
38,EE,Foreign
38,FI,Foreign
38,FR,Foreign
38,GE,Foreign
38,DE,Foreign
38,GH,Foreign
38,GR,Foreign
38,HK,Foreign
38,HU,Foreign
38,IS,Foreign
38,IN,Foreign
38,ID,Foreign
38,IQ,Foreign
38,IE,Foreign
38,IL,Foreign
38,IT,Foreign
38,JM,Foreign
38,JP,Foreign
38,JO,Foreign
38,KZ,Foreign
38,KE,Foreign
38,KW,Foreign
38,LV,Foreign
38,LB,Foreign
38,LY,Foreign
38,LT,Foreign
38,LU,Foreign
38,MK,Foreign
38,MY,Foreign
38,MX,Foreign
38,ME,Foreign
38,MA,Foreign
38,NP,Foreign
38,NL,Foreign
38,NZ,Foreign
38,NG,Foreign
38,NO,Foreign
38,OM,Foreign
38,PK,Foreign
38,PE,Foreign
38,PH,Foreign
38,PL,Foreign
38,PT,Foreign
38,PR,Foreign
38,QA,Foreign
38,RO,Foreign
38,RU,Foreign
38,SA,Foreign
38,SN,Foreign
38,RS,Foreign
38,SG,Foreign
38,SK,Foreign
38,SI,Foreign
38,ZA,Foreign
38,KR,Foreign
38,ES,Foreign
38,LK,Foreign
38,SE,Foreign
38,CH,Foreign
38,TW,Foreign
38,TZ,Foreign
38,TH,Foreign
38,TN,Foreign
38,TR,Foreign
38,UG,Foreign
38,UA,Foreign
38,AE,Foreign
38,GB,Foreign
38,US,Foreign
38,VN,Foreign
38,YE,Foreign
38,ZW,Foreign
39,DZ,Horror
39,AR,Horror
39,AU,Horror
39,AT,Horror
39,AZ,Horror
39,BH,Horror
39,BY,Horror
39,BE,Horror
39,BA,Horror
39,BR,Horror
39,BG,Horror
39,CA,Horror
39,CL,Horror
39,CO,Horror
39,HR,Horror
39,CZ,Horror
39,DK,Horror
39,EG,Horror
39,EE,Horror
39,FI,Horror
39,FR,Horror
39,GE,Horror
39,DE,Horror
39,GH,Horror
39,GR,Horror
39,HK,Horror
39,HU,Horror
39,IS,Horror
39,IN,Horror
39,ID,Horror
39,IQ,Horror
39,IE,Horror
39,IL,Horror
39,IT,Horror
39,JM,Horror
39,JP,Horror
39,JO,Horror
39,KZ,Horror
39,KE,Horror
39,KW,Horror
39,LV,Horror
39,LB,Horror
39,LY,Horror
39,LT,Horror
39,LU,Horror
39,MK,Horror
39,MY,Horror
39,MX,Horror
39,ME,Horror
39,MA,Horror
39,NP,Horror
39,NL,Horror
39,NZ,Horror
39,NG,Horror
39,NO,Horror
39,OM,Horror
39,PK,Horror
39,PE,Horror
39,PH,Horror
39,PL,Horror
39,PT,Horror
39,PR,Horror
39,QA,Horror
39,RO,Horror
39,RU,Horror
39,SA,Horror
39,SN,Horror
39,RS,Horror
39,SG,Horror
39,SK,Horror
39,SI,Horror
39,ZA,Horror
39,KR,Horror
39,ES,Horror
39,LK,Horror
39,SE,Horror
39,CH,Horror
39,TW,Horror
39,TZ,Horror
39,TH,Horror
39,TN,Horror
39,TR,Horror
39,UG,Horror
39,UA,Horror
39,AE,Horror
39,GB,Horror
39,US,Horror
39,VN,Horror
39,YE,Horror
39,ZW,Horror
40,DZ,Sci-Fi/Fantasy
40,AR,Sci-Fi/Fantasy
40,AU,Sci-Fi/Fantasy
40,AT,Sci-Fi/Fantasy
40,AZ,Sci-Fi/Fantasy
40,BH,Sci-Fi/Fantasy
40,BY,Sci-Fi/Fantasy
40,BE,Sci-Fi/Fantasy
40,BA,Sci-Fi/Fantasy
40,BR,Sci-Fi/Fantasy
40,BG,Sci-Fi/Fantasy
40,CA,Sci-Fi/Fantasy
40,CL,Sci-Fi/Fantasy
40,CO,Sci-Fi/Fantasy
40,HR,Sci-Fi/Fantasy
40,CZ,Sci-Fi/Fantasy
40,DK,Sci-Fi/Fantasy
40,EG,Sci-Fi/Fantasy
40,EE,Sci-Fi/Fantasy
40,FI,Sci-Fi/Fantasy
40,FR,Sci-Fi/Fantasy
40,GE,Sci-Fi/Fantasy
40,DE,Sci-Fi/Fantasy
40,GH,Sci-Fi/Fantasy
40,GR,Sci-Fi/Fantasy
40,HK,Sci-Fi/Fantasy
40,HU,Sci-Fi/Fantasy
40,IS,Sci-Fi/Fantasy
40,IN,Sci-Fi/Fantasy
40,ID,Sci-Fi/Fantasy
40,IQ,Sci-Fi/Fantasy
40,IE,Sci-Fi/Fantasy
40,IL,Sci-Fi/Fantasy
40,IT,Sci-Fi/Fantasy
40,JM,Sci-Fi/Fantasy
40,JP,Sci-Fi/Fantasy
40,JO,Sci-Fi/Fantasy
40,KZ,Sci-Fi/Fantasy
40,KE,Sci-Fi/Fantasy
40,KW,Sci-Fi/Fantasy
40,LV,Sci-Fi/Fantasy
40,LB,Sci-Fi/Fantasy
40,LY,Sci-Fi/Fantasy
40,LT,Sci-Fi/Fantasy
40,LU,Sci-Fi/Fantasy
40,MK,Sci-Fi/Fantasy
40,MY,Sci-Fi/Fantasy
40,MX,Sci-Fi/Fantasy
40,ME,Sci-Fi/Fantasy
40,MA,Sci-Fi/Fantasy
40,NP,Sci-Fi/Fantasy
40,NL,Sci-Fi/Fantasy
40,NZ,Sci-Fi/Fantasy
40,NG,Sci-Fi/Fantasy
40,NO,Sci-Fi/Fantasy
40,OM,Sci-Fi/Fantasy
40,PK,Sci-Fi/Fantasy
40,PE,Sci-Fi/Fantasy
40,PH,Sci-Fi/Fantasy
40,PL,Sci-Fi/Fantasy
40,PT,Sci-Fi/Fantasy
40,PR,Sci-Fi/Fantasy
40,QA,Sci-Fi/Fantasy
40,RO,Sci-Fi/Fantasy
40,RU,Sci-Fi/Fantasy
40,SA,Sci-Fi/Fantasy
40,SN,Sci-Fi/Fantasy
40,RS,Sci-Fi/Fantasy
40,SG,Sci-Fi/Fantasy
40,SK,Sci-Fi/Fantasy
40,SI,Sci-Fi/Fantasy
40,ZA,Sci-Fi/Fantasy
40,KR,Sci-Fi/Fantasy
40,ES,Sci-Fi/Fantasy
40,LK,Sci-Fi/Fantasy
40,SE,Sci-Fi/Fantasy
40,CH,Sci-Fi/Fantasy
40,TW,Sci-Fi/Fantasy
40,TZ,Sci-Fi/Fantasy
40,TH,Sci-Fi/Fantasy
40,TN,Sci-Fi/Fantasy
40,TR,Sci-Fi/Fantasy
40,UG,Sci-Fi/Fantasy
40,UA,Sci-Fi/Fantasy
40,AE,Sci-Fi/Fantasy
40,GB,Sci-Fi/Fantasy
40,US,Sci-Fi/Fantasy
40,VN,Sci-Fi/Fantasy
40,YE,Sci-Fi/Fantasy
40,ZW,Sci-Fi/Fantasy
41,DZ,Thriller
41,AR,Thriller
41,AU,Thriller
41,AT,Thriller
41,AZ,Thriller
41,BH,Thriller
41,BY,Thriller
41,BE,Thriller
41,BA,Thriller
41,BR,Thriller
41,BG,Thriller
41,CA,Thriller
41,CL,Thriller
41,CO,Thriller
41,HR,Thriller
41,CZ,Thriller
41,DK,Thriller
41,EG,Thriller
41,EE,Thriller
41,FI,Thriller
41,FR,Thriller
41,GE,Thriller
41,DE,Thriller
41,GH,Thriller
41,GR,Thriller
41,HK,Thriller
41,HU,Thriller
41,IS,Thriller
41,IN,Thriller
41,ID,Thriller
41,IQ,Thriller
41,IE,Thriller
41,IL,Thriller
41,IT,Thriller
41,JM,Thriller
41,JP,Thriller
41,JO,Thriller
41,KZ,Thriller
41,KE,Thriller
41,KW,Thriller
41,LV,Thriller
41,LB,Thriller
41,LY,Thriller
41,LT,Thriller
41,LU,Thriller
41,MK,Thriller
41,MY,Thriller
41,MX,Thriller
41,ME,Thriller
41,MA,Thriller
41,NP,Thriller
41,NL,Thriller
41,NZ,Thriller
41,NG,Thriller
41,NO,Thriller
41,OM,Thriller
41,PK,Thriller
41,PE,Thriller
41,PH,Thriller
41,PL,Thriller
41,PT,Thriller
41,PR,Thriller
41,QA,Thriller
41,RO,Thriller
41,RU,Thriller
41,SA,Thriller
41,SN,Thriller
41,RS,Thriller
41,SG,Thriller
41,SK,Thriller
41,SI,Thriller
41,ZA,Thriller
41,KR,Thriller
41,ES,Thriller
41,LK,Thriller
41,SE,Thriller
41,CH,Thriller
41,TW,Thriller
41,TZ,Thriller
41,TH,Thriller
41,TN,Thriller
41,TR,Thriller
41,UG,Thriller
41,UA,Thriller
41,AE,Thriller
41,GB,Thriller
41,US,Thriller
41,VN,Thriller
41,YE,Thriller
41,ZW,Thriller
42,DZ,Shorts
42,AR,Shorts
42,AU,Shorts
42,AT,Shorts
42,AZ,Shorts
42,BH,Shorts
42,BY,Shorts
42,BE,Shorts
42,BA,Shorts
42,BR,Shorts
42,BG,Shorts
42,CA,Shorts
42,CL,Shorts
42,CO,Shorts
42,HR,Shorts
42,CZ,Shorts
42,DK,Shorts
42,EG,Shorts
42,EE,Shorts
42,FI,Shorts
42,FR,Shorts
42,GE,Shorts
42,DE,Shorts
42,GH,Shorts
42,GR,Shorts
42,HK,Shorts
42,HU,Shorts
42,IS,Shorts
42,IN,Shorts
42,ID,Shorts
42,IQ,Shorts
42,IE,Shorts
42,IL,Shorts
42,IT,Shorts
42,JM,Shorts
42,JP,Shorts
42,JO,Shorts
42,KZ,Shorts
42,KE,Shorts
42,KW,Shorts
42,LV,Shorts
42,LB,Shorts
42,LY,Shorts
42,LT,Shorts
42,LU,Shorts
42,MK,Shorts
42,MY,Shorts
42,MX,Shorts
42,ME,Shorts
42,MA,Shorts
42,NP,Shorts
42,NL,Shorts
42,NZ,Shorts
42,NG,Shorts
42,NO,Shorts
42,OM,Shorts
42,PK,Shorts
42,PE,Shorts
42,PH,Shorts
42,PL,Shorts
42,PT,Shorts
42,PR,Shorts
42,QA,Shorts
42,RO,Shorts
42,RU,Shorts
42,SA,Shorts
42,SN,Shorts
42,RS,Shorts
42,SG,Shorts
42,SK,Shorts
42,SI,Shorts
42,ZA,Shorts
42,KR,Shorts
42,ES,Shorts
42,LK,Shorts
42,SE,Shorts
42,CH,Shorts
42,TW,Shorts
42,TZ,Shorts
42,TH,Shorts
42,TN,Shorts
42,TR,Shorts
42,UG,Shorts
42,UA,Shorts
42,AE,Shorts
42,GB,Shorts
42,US,Shorts
42,VN,Shorts
42,YE,Shorts
42,ZW,Shorts
43,DZ,Shows
43,AR,Shows
43,AU,Shows
43,AT,Shows
43,AZ,Shows
43,BH,Shows
43,BY,Shows
43,BE,Shows
43,BA,Shows
43,BR,Shows
43,BG,Shows
43,CA,Shows
43,CL,Shows
43,CO,Shows
43,HR,Shows
43,CZ,Shows
43,DK,Shows
43,EG,Shows
43,EE,Shows
43,FI,Shows
43,FR,Shows
43,GE,Shows
43,DE,Shows
43,GH,Shows
43,GR,Shows
43,HK,Shows
43,HU,Shows
43,IS,Shows
43,IN,Shows
43,ID,Shows
43,IQ,Shows
43,IE,Shows
43,IL,Shows
43,IT,Shows
43,JM,Shows
43,JP,Shows
43,JO,Shows
43,KZ,Shows
43,KE,Shows
43,KW,Shows
43,LV,Shows
43,LB,Shows
43,LY,Shows
43,LT,Shows
43,LU,Shows
43,MK,Shows
43,MY,Shows
43,MX,Shows
43,ME,Shows
43,MA,Shows
43,NP,Shows
43,NL,Shows
43,NZ,Shows
43,NG,Shows
43,NO,Shows
43,OM,Shows
43,PK,Shows
43,PE,Shows
43,PH,Shows
43,PL,Shows
43,PT,Shows
43,PR,Shows
43,QA,Shows
43,RO,Shows
43,RU,Shows
43,SA,Shows
43,SN,Shows
43,RS,Shows
43,SG,Shows
43,SK,Shows
43,SI,Shows
43,ZA,Shows
43,KR,Shows
43,ES,Shows
43,LK,Shows
43,SE,Shows
43,CH,Shows
43,TW,Shows
43,TZ,Shows
43,TH,Shows
43,TN,Shows
43,TR,Shows
43,UG,Shows
43,UA,Shows
43,AE,Shows
43,GB,Shows
43,US,Shows
43,VN,Shows
43,YE,Shows
43,ZW,Shows
44,DZ,Trailers
44,AR,Trailers
44,AU,Trailers
44,AT,Trailers
44,AZ,Trailers
44,BH,Trailers
44,BY,Trailers
44,BE,Trailers
44,BA,Trailers
44,BR,Trailers
44,BG,Trailers
44,CA,Trailers
44,CL,Trailers
44,CO,Trailers
44,HR,Trailers
44,CZ,Trailers
44,DK,Trailers
44,EG,Trailers
44,EE,Trailers
44,FI,Trailers
44,FR,Trailers
44,GE,Trailers
44,DE,Trailers
44,GH,Trailers
44,GR,Trailers
44,HK,Trailers
44,HU,Trailers
44,IS,Trailers
44,IN,Trailers
44,ID,Trailers
44,IQ,Trailers
44,IE,Trailers
44,IL,Trailers
44,IT,Trailers
44,JM,Trailers
44,JP,Trailers
44,JO,Trailers
44,KZ,Trailers
44,KE,Trailers
44,KW,Trailers
44,LV,Trailers
44,LB,Trailers
44,LY,Trailers
44,LT,Trailers
44,LU,Trailers
44,MK,Trailers
44,MY,Trailers
44,MX,Trailers
44,ME,Trailers
44,MA,Trailers
44,NP,Trailers
44,NL,Trailers
44,NZ,Trailers
44,NG,Trailers
44,NO,Trailers
44,OM,Trailers
44,PK,Trailers
44,PE,Trailers
44,PH,Trailers
44,PL,Trailers
44,PT,Trailers
44,PR,Trailers
44,QA,Trailers
44,RO,Trailers
44,RU,Trailers
44,SA,Trailers
44,SN,Trailers
44,RS,Trailers
44,SG,Trailers
44,SK,Trailers
44,SI,Trailers
44,ZA,Trailers
44,KR,Trailers
44,ES,Trailers
44,LK,Trailers
44,SE,Trailers
44,CH,Trailers
44,TW,Trailers
44,TZ,Trailers
44,TH,Trailers
44,TN,Trailers
44,TR,Trailers
44,UG,Trailers
44,UA,Trailers
44,AE,Trailers
44,GB,Trailers
44,US,Trailers
44,VN,Trailers
44,YE,Trailers
44,ZW,Trailers
